NO,Date,Rate
1,9/30/2024,"15,144"
2,9/27/2024,"15,138"
3,9/26/2024,"15,171"
4,9/25/2024,"15,092"
5,9/24/2024,"15,186"
6,9/23/2024,"15,191"
7,9/20/2024,"15,100"
8,9/19/2024,"15,287"
9,9/18/2024,"15,350"
10,9/17/2024,"15,338"
11,9/13/2024,"15,405"
12,9/12/2024,"15,421"
13,9/11/2024,"15,415"
14,9/10/2024,"15,447"
15,9/9/2024,"15,446"
16,9/6/2024,"15,372"
17,9/5/2024,"15,410"
18,9/4/2024,"15,490"
19,9/3/2024,"15,557"
20,9/2/2024,"15,536"
21,8/30/2024,"15,473"
22,8/29/2024,"15,409"
23,8/28/2024,"15,476"
24,8/27/2024,"15,509"
25,8/26/2024,"15,380"
26,8/23/2024,"15,554"
27,8/22/2024,"15,579"
28,8/21/2024,"15,456"
29,8/20/2024,"15,480"
30,8/19/2024,"15,591"
31,8/16/2024,"15,716"
32,8/15/2024,"15,687"
33,8/14/2024,"15,691"
34,8/13/2024,"15,885"
35,8/12/2024,"15,963"
36,8/9/2024,"15,914"
37,8/8/2024,"15,952"
38,8/7/2024,"16,100"
39,8/6/2024,"16,183"
40,8/5/2024,"16,154"
41,8/2/2024,"16,234"
42,8/1/2024,"16,243"
43,7/31/2024,"16,294"
44,7/30/2024,"16,320"
45,7/29/2024,"16,286"
46,7/26/2024,"16,294"
47,7/25/2024,"16,268"
48,7/24/2024,"16,224"
49,7/23/2024,"16,204"
50,7/22/2024,"16,228"
51,7/19/2024,"16,199"
52,7/18/2024,"16,160"
53,7/17/2024,"16,129"
54,7/16/2024,"16,203"
55,7/15/2024,"16,174"
56,7/12/2024,"16,154"
57,7/11/2024,"16,200"
58,7/10/2024,"16,256"
59,7/9/2024,"16,281"
60,7/8/2024,"16,265"
61,7/5/2024,"16,312"
62,7/4/2024,"16,341"
63,7/3/2024,"16,387"
64,7/2/2024,"16,384"
65,7/1/2024,"16,355"
66,6/28/2024,"16,394"
67,6/27/2024,"16,421"
68,6/26/2024,"16,435"
69,6/25/2024,"16,379"
70,6/24/2024,"16,431"
71,6/21/2024,"16,458"
72,6/20/2024,"16,420"
73,6/19/2024,"16,368"
74,6/14/2024,"16,374"
75,6/13/2024,"16,286"
76,6/12/2024,"16,297"
77,6/11/2024,"16,295"
78,6/10/2024,"16,290"
79,6/7/2024,"16,218"
80,6/6/2024,"16,279"
81,6/5/2024,"16,282"
82,6/4/2024,"16,220"
83,6/3/2024,"16,225"
84,5/31/2024,"16,251"
85,5/30/2024,"16,253"
86,5/29/2024,"16,160"
87,5/28/2024,"16,095"
88,5/27/2024,"16,064"
89,5/22/2024,"15,995"
90,5/21/2024,"16,024"
91,5/20/2024,"15,980"
92,5/17/2024,"15,978"
93,5/16/2024,"15,944"
94,5/15/2024,"16,070"
95,5/14/2024,"16,131"
96,5/13/2024,"16,085"
97,5/8/2024,"16,081"
98,5/7/2024,"16,054"
99,5/6/2024,"16,025"
100,5/3/2024,"16,094"
101,5/2/2024,"16,202"
102,4/30/2024,"16,276"
103,4/29/2024,"16,249"
104,4/26/2024,"16,222"
105,4/25/2024,"16,208"
106,4/24/2024,"16,161"
107,4/23/2024,"16,244"
108,4/22/2024,"16,224"
109,4/19/2024,"16,280"
110,4/18/2024,"16,177"
111,4/17/2024,"16,240"
112,4/16/2024,"16,176"
113,4/5/2024,"15,873"
114,4/4/2024,"15,907"
115,4/3/2024,"15,923"
116,4/2/2024,"15,934"
117,4/1/2024,"15,909"
118,3/28/2024,"15,873"
119,3/27/2024,"15,853"
120,3/26/2024,"15,797"
121,3/25/2024,"15,795"
122,3/22/2024,"15,773"
123,3/21/2024,"15,662"
124,3/20/2024,"15,727"
125,3/19/2024,"15,712"
126,3/18/2024,"15,672"
127,3/15/2024,"15,624"
128,3/14/2024,"15,582"
129,3/13/2024,"15,576"
130,3/8/2024,"15,603"
131,3/7/2024,"15,658"
132,3/6/2024,"15,723"
133,3/5/2024,"15,756"
134,3/4/2024,"15,723"
135,3/1/2024,"15,696"
136,2/29/2024,"15,715"
137,2/28/2024,"15,673"
138,2/27/2024,"15,655"
139,2/26/2024,"15,635"
140,2/23/2024,"15,589"
141,2/22/2024,"15,630"
142,2/21/2024,"15,658"
143,2/20/2024,"15,659"
144,2/19/2024,"15,630"
145,2/16/2024,"15,654"
146,2/15/2024,"15,606"
147,2/13/2024,"15,585"
148,2/12/2024,"15,612"
149,2/7/2024,"15,685"
150,2/6/2024,"15,734"
151,2/5/2024,"15,705"
152,2/2/2024,"15,688"
153,2/1/2024,"15,775"
154,1/31/2024,"15,803"
155,1/30/2024,"15,796"
156,1/29/2024,"15,825"
157,1/26/2024,"15,829"
158,1/25/2024,"15,767"
159,1/24/2024,"15,719"
160,1/23/2024,"15,656"
161,1/22/2024,"15,627"
162,1/19/2024,"15,628"
163,1/18/2024,"15,630"
164,1/17/2024,"15,639"
165,1/16/2024,"15,592"
166,1/15/2024,"15,555"
167,1/12/2024,"15,559"
168,1/11/2024,"15,558"
169,1/10/2024,"15,568"
170,1/9/2024,"15,518"
171,1/8/2024,"15,522"
172,1/5/2024,"15,518"
173,1/4/2024,"15,525"
174,1/3/2024,"15,495"
175,1/2/2024,"15,473"
176,12/29/2023,"15,439"
177,12/28/2023,"15,416"
178,12/27/2023,"15,414"
179,12/22/2023,"15,489"
180,12/21/2023,"15,533"
181,12/20/2023,"15,512"
182,12/19/2023,"15,506"
183,12/18/2023,"15,516"
184,12/15/2023,"15,503"
185,12/14/2023,"15,493"
186,12/13/2023,"15,629"
187,12/12/2023,"15,631"
188,12/11/2023,"15,614"
189,12/8/2023,"15,500"
190,12/7/2023,"15,536"
191,12/6/2023,"15,504"
192,12/5/2023,"15,504"
193,12/4/2023,"15,446"
194,12/1/2023,"15,524"
195,11/30/2023,"15,484"
196,11/29/2023,"15,384"
197,11/28/2023,"15,450"
198,11/27/2023,"15,527"
199,11/24/2023,"15,587"
200,11/23/2023,"15,593"
201,11/22/2023,"15,584"
202,11/21/2023,"15,436"
203,11/20/2023,"15,419"
204,11/17/2023,"15,504"
205,11/16/2023,"15,595"
206,11/15/2023,"15,503"
207,11/14/2023,"15,699"
208,11/13/2023,"15,713"
209,11/10/2023,"15,693"
210,11/9/2023,"15,649"
211,11/8/2023,"15,629"
212,11/7/2023,"15,593"
213,11/6/2023,"15,550"
214,11/3/2023,"15,771"
215,11/2/2023,"15,861"
216,11/1/2023,"15,946"
217,10/31/2023,"15,897"
218,10/30/2023,"15,916"
219,10/27/2023,"15,941"
220,10/26/2023,"15,933"
221,10/25/2023,"15,871"
222,10/24/2023,"15,869"
223,10/23/2023,"15,943"
224,10/20/2023,"15,856"
225,10/19/2023,"15,838"
226,10/18/2023,"15,731"
227,10/17/2023,"15,718"
228,10/16/2023,"15,716"
229,10/13/2023,"15,709"
230,10/12/2023,"15,702"
231,10/11/2023,"15,710"
232,10/10/2023,"15,708"
233,10/9/2023,"15,675"
234,10/6/2023,"15,628"
235,10/5/2023,"15,601"
236,10/4/2023,"15,636"
237,10/3/2023,"15,600"
238,10/2/2023,"15,519"
239,9/29/2023,"15,487"
240,9/27/2023,"15,526"
241,9/26/2023,"15,464"
242,9/25/2023,"15,399"
243,9/22/2023,"15,383"
244,9/21/2023,"15,397"
245,9/20/2023,"15,396"
246,9/19/2023,"15,381"
247,9/18/2023,"15,373"
248,9/15/2023,"15,367"
249,9/14/2023,"15,357"
250,9/13/2023,"15,367"
251,9/12/2023,"15,344"
252,9/11/2023,"15,352"
253,9/8/2023,"15,341"
254,9/7/2023,"15,334"
255,9/6/2023,"15,307"
256,9/5/2023,"15,260"
257,9/4/2023,"15,247"
258,9/1/2023,"15,252"
259,8/31/2023,"15,237"
260,8/30/2023,"15,239"
261,8/29/2023,"15,263"
262,8/28/2023,"15,294"
263,8/25/2023,"15,297"
264,8/24/2023,"15,253"
265,8/23/2023,"15,319"
266,8/22/2023,"15,326"
267,8/21/2023,"15,329"
268,8/18/2023,"15,308"
269,8/16/2023,"15,308"
270,8/15/2023,"15,346"
271,8/14/2023,"15,323"
272,8/11/2023,"15,225"
273,8/10/2023,"15,204"
274,8/9/2023,"15,206"
275,8/8/2023,"15,229"
276,8/7/2023,"15,178"
277,8/4/2023,"15,168"
278,8/3/2023,"15,198"
279,8/2/2023,"15,171"
280,8/1/2023,"15,117"
281,7/31/2023,"15,092"
282,7/28/2023,"15,083"
283,7/27/2023,"15,003"
284,7/26/2023,"15,032"
285,7/25/2023,"15,007"
286,7/24/2023,"15,028"
287,7/21/2023,"15,026"
288,7/20/2023,"14,991"
289,7/18/2023,"14,994"
290,7/17/2023,"15,007"
291,7/14/2023,"14,945"
292,7/13/2023,"14,978"
293,7/12/2023,"15,084"
294,7/11/2023,"15,162"
295,7/10/2023,"15,192"
296,7/7/2023,"15,136"
297,7/6/2023,"15,062"
298,7/5/2023,"15,013"
299,7/4/2023,"15,018"
300,7/3/2023,"15,034"
301,6/27/2023,"15,000"
302,6/26/2023,"15,026"
303,6/23/2023,"14,998"
304,6/22/2023,"14,918"
305,6/21/2023,"14,982"
306,6/20/2023,"15,040"
307,6/19/2023,"14,994"
308,6/16/2023,"14,945"
309,6/15/2023,"14,943"
310,6/14/2023,"14,895"
311,6/13/2023,"14,868"
312,6/12/2023,"14,874"
313,6/9/2023,"14,853"
314,6/8/2023,"14,903"
315,6/7/2023,"14,875"
316,6/6/2023,"14,839"
317,6/5/2023,"14,888"
318,5/31/2023,"15,003"
319,5/30/2023,"14,969"
320,5/29/2023,"14,973"
321,5/26/2023,"14,959"
322,5/25/2023,"14,952"
323,5/24/2023,"14,905"
324,5/23/2023,"14,878"
325,5/22/2023,"14,897"
326,5/19/2023,"14,936"
327,5/17/2023,"14,875"
328,5/16/2023,"14,810"
329,5/15/2023,"14,812"
330,5/12/2023,"14,752"
331,5/11/2023,"14,722"
332,5/10/2023,"14,746"
333,5/9/2023,"14,757"
334,5/8/2023,"14,709"
335,5/5/2023,"14,674"
336,5/4/2023,"14,632"
337,5/3/2023,"14,706"
338,5/2/2023,"14,703"
339,4/28/2023,"14,661"
340,4/27/2023,"14,751"
341,4/26/2023,"14,882"
342,4/18/2023,"14,855"
343,4/17/2023,"14,773"
344,4/14/2023,"14,666"
345,4/13/2023,"14,792"
346,4/12/2023,"14,866"
347,4/11/2023,"14,888"
348,4/10/2023,"14,905"
349,4/6/2023,"14,943"
350,4/5/2023,"14,933"
351,4/4/2023,"14,913"
352,4/3/2023,"14,990"
353,3/31/2023,"14,977"
354,3/30/2023,"15,062"
355,3/29/2023,"15,094"
356,3/28/2023,"15,088"
357,3/27/2023,"15,174"
358,3/24/2023,"15,189"
359,3/21/2023,"15,349"
360,3/20/2023,"15,372"
361,3/17/2023,"15,364"
362,3/16/2023,"15,418"
363,3/15/2023,"15,365"
364,3/14/2023,"15,380"
365,3/13/2023,"15,374"
366,3/10/2023,"15,468"
367,3/9/2023,"15,438"
368,3/8/2023,"15,451"
369,3/7/2023,"15,359"
370,3/6/2023,"15,301"
371,3/3/2023,"15,306"
372,3/2/2023,"15,273"
373,3/1/2023,"15,250"
374,2/28/2023,"15,240"
375,2/27/2023,"15,274"
376,2/24/2023,"15,216"
377,2/23/2023,"15,187"
378,2/22/2023,"15,218"
379,2/21/2023,"15,179"
380,2/20/2023,"15,168"
381,2/17/2023,"15,199"
382,2/16/2023,"15,176"
383,2/15/2023,"15,194"
384,2/14/2023,"15,168"
385,2/13/2023,"15,216"
386,2/10/2023,"15,140"
387,2/9/2023,"15,120"
388,2/8/2023,"15,122"
389,2/7/2023,"15,139"
390,2/6/2023,"15,055"
391,2/3/2023,"14,898"
392,2/2/2023,"14,868"
393,2/1/2023,"14,991"
394,1/31/2023,"14,992"
395,1/30/2023,"14,979"
396,1/27/2023,"14,978"
397,1/26/2023,"14,964"
398,1/25/2023,"14,958"
399,1/24/2023,"14,930"
400,1/20/2023,"15,121"
401,1/19/2023,"15,113"
402,1/18/2023,"15,137"
403,1/17/2023,"15,154"
404,1/16/2023,"15,019"
405,1/13/2023,"15,177"
406,1/12/2023,"15,366"
407,1/11/2023,"15,527"
408,1/10/2023,"15,589"
409,1/9/2023,"15,574"
410,1/6/2023,"15,635"
411,1/5/2023,"15,610"
412,1/4/2023,"15,615"
413,1/3/2023,"15,590"
414,1/2/2023,"15,572"
415,12/30/2022,"15,592"
416,12/29/2022,"15,731"
417,12/28/2022,"15,703"
418,12/27/2022,"15,659"
419,12/26/2022,"15,636"
420,12/23/2022,"15,605"
421,12/22/2022,"15,594"
422,12/21/2022,"15,601"
423,12/20/2022,"15,608"
424,12/19/2022,"15,621"
425,12/16/2022,"15,617"
426,12/15/2022,"15,630"
427,12/14/2022,"15,619"
428,12/13/2022,"15,661"
429,12/12/2022,"15,642"
430,12/9/2022,"15,587"
431,12/8/2022,"15,624"
432,12/7/2022,"15,619"
433,12/6/2022,"15,576"
434,12/5/2022,"15,409"
435,12/2/2022,"15,429"
436,12/1/2022,"15,617"
437,11/30/2022,"15,742"
438,11/29/2022,"15,737"
439,11/28/2022,"15,729"
440,11/25/2022,"15,668"
441,11/24/2022,"15,647"
442,11/23/2022,"15,700"
443,11/22/2022,"15,716"
444,11/21/2022,"15,707"
445,11/18/2022,"15,692"
446,11/17/2022,"15,687"
447,11/16/2022,"15,610"
448,11/15/2022,"15,564"
449,11/14/2022,"15,499"
450,11/11/2022,"15,493"
451,11/10/2022,"15,701"
452,11/9/2022,"15,654"
453,11/8/2022,"15,684"
454,11/7/2022,"15,692"
455,11/4/2022,"15,736"
456,11/3/2022,"15,681"
457,11/2/2022,"15,652"
458,11/1/2022,"15,647"
459,10/31/2022,"15,596"
460,10/28/2022,"15,542"
461,10/27/2022,"15,573"
462,10/26/2022,"15,596"
463,10/25/2022,"15,616"
464,10/24/2022,"15,590"
465,10/21/2022,"15,610"
466,10/20/2022,"15,579"
467,10/19/2022,"15,491"
468,10/18/2022,"15,469"
469,10/17/2022,"15,480"
470,10/14/2022,"15,390"
471,10/13/2022,"15,357"
472,10/12/2022,"15,373"
473,10/11/2022,"15,362"
474,10/10/2022,"15,299"
475,10/7/2022,"15,246"
476,10/6/2022,"15,197"
477,10/5/2022,"15,196"
478,10/4/2022,"15,276"
479,10/3/2022,"15,293"
480,9/30/2022,"15,232"
481,9/29/2022,"15,247"
482,9/28/2022,"15,243"
483,9/27/2022,"15,155"
484,9/26/2022,"15,119"
485,9/23/2022,"15,035"
486,9/22/2022,"15,033"
487,9/21/2022,"15,011"
488,9/20/2022,"14,975"
489,9/19/2022,"14,980"
490,9/16/2022,"14,939"
491,9/15/2022,"14,899"
492,9/14/2022,"14,923"
493,9/13/2022,"14,861"
494,9/12/2022,"14,839"
495,9/9/2022,"14,846"
496,9/8/2022,"14,905"
497,9/7/2022,"14,927"
498,9/6/2022,"14,885"
499,9/5/2022,"14,920"
500,9/2/2022,"14,900"
501,9/1/2022,"14,884"
502,8/31/2022,"14,853"
503,8/30/2022,"14,875"
504,8/29/2022,"14,887"
505,8/26/2022,"14,814"
506,8/25/2022,"14,827"
507,8/24/2022,"14,851"
508,8/23/2022,"14,893"
509,8/22/2022,"14,882"
510,8/19/2022,"14,858"
511,8/18/2022,"14,822"
512,8/16/2022,"14,767"
513,8/15/2022,"14,727"
514,8/12/2022,"14,688"
515,8/11/2022,"14,799"
516,8/10/2022,"14,875"
517,8/9/2022,"14,862"
518,8/8/2022,"14,915"
519,8/5/2022,"14,904"
520,8/4/2022,"14,929"
521,8/3/2022,"14,917"
522,8/2/2022,"14,888"
523,8/1/2022,"14,874"
524,7/29/2022,"14,860"
525,7/28/2022,"14,958"
526,7/27/2022,"15,020"
527,7/26/2022,"14,984"
528,7/25/2022,"14,992"
529,7/22/2022,"15,024"
530,7/21/2022,"15,017"
531,7/20/2022,"14,984"
532,7/19/2022,"14,992"
533,7/18/2022,"14,986"
534,7/15/2022,"14,999"
535,7/14/2022,"14,999"
536,7/13/2022,"14,985"
537,7/12/2022,"14,993"
538,7/11/2022,"14,969"
539,7/8/2022,"14,981"
540,7/7/2022,"14,986"
541,7/6/2022,"15,015"
542,7/5/2022,"14,990"
543,7/4/2022,"14,960"
544,7/1/2022,"14,956"
545,6/30/2022,"14,882"
546,6/29/2022,"14,848"
547,6/28/2022,"14,837"
548,6/27/2022,"14,802"
549,6/24/2022,"14,846"
550,6/23/2022,"14,835"
551,6/22/2022,"14,860"
552,6/21/2022,"14,804"
553,6/20/2022,"14,836"
554,6/17/2022,"14,828"
555,6/16/2022,"14,741"
556,6/15/2022,"14,746"
557,6/14/2022,"14,729"
558,6/13/2022,"14,672"
559,6/10/2022,"14,569"
560,6/9/2022,"14,555"
561,6/8/2022,"14,477"
562,6/7/2022,"14,464"
563,6/6/2022,"14,462"
564,6/3/2022,"14,431"
565,6/2/2022,"14,526"
566,5/31/2022,"14,592"
567,5/30/2022,"14,544"
568,5/27/2022,"14,578"
569,5/25/2022,"14,645"
570,5/24/2022,"14,653"
571,5/23/2022,"14,665"
572,5/20/2022,"14,661"
573,5/19/2022,"14,731"
574,5/18/2022,"14,682"
575,5/17/2022,"14,651"
576,5/13/2022,"14,619"
577,5/12/2022,"14,585"
578,5/11/2022,"14,546"
579,5/10/2022,"14,546"
580,5/9/2022,"14,534"
581,4/28/2022,"14,480"
582,4/27/2022,"14,418"
583,4/26/2022,"14,412"
584,4/25/2022,"14,452"
585,4/22/2022,"14,361"
586,4/21/2022,"14,348"
587,4/20/2022,"14,351"
588,4/19/2022,"14,347"
589,4/18/2022,"14,356"
590,4/14/2022,"14,349"
591,4/13/2022,"14,359"
592,4/12/2022,"14,364"
593,4/11/2022,"14,370"
594,4/8/2022,"14,365"
595,4/7/2022,"14,359"
596,4/6/2022,"14,364"
597,4/5/2022,"14,348"
598,4/4/2022,"14,362"
599,4/1/2022,"14,364"
600,3/31/2022,"14,357"
601,3/30/2022,"14,349"
602,3/29/2022,"14,364"
603,3/28/2022,"14,360"
604,3/25/2022,"14,341"
605,3/24/2022,"14,361"
606,3/23/2022,"14,351"
607,3/22/2022,"14,358"
608,3/21/2022,"14,341"
609,3/18/2022,"14,340"
610,3/17/2022,"14,290"
611,3/16/2022,"14,311"
612,3/15/2022,"14,321"
613,3/14/2022,"14,328"
614,3/11/2022,"14,306"
615,3/10/2022,"14,298"
616,3/9/2022,"14,371"
617,3/8/2022,"14,394"
618,3/7/2022,"14,411"
619,3/4/2022,"14,383"
620,3/2/2022,"14,373"
621,3/1/2022,"14,350"
622,2/25/2022,"14,369"
623,2/24/2022,"14,371"
624,2/23/2022,"14,355"
625,2/22/2022,"14,362"
626,2/21/2022,"14,329"
627,2/18/2022,"14,339"
628,2/17/2022,"14,301"
629,2/16/2022,"14,278"
630,2/15/2022,"14,292"
631,2/14/2022,"14,338"
632,2/11/2022,"14,359"
633,2/10/2022,"14,344"
634,2/9/2022,"14,366"
635,2/8/2022,"14,385"
636,2/7/2022,"14,404"
637,2/4/2022,"14,376"
638,2/3/2022,"14,381"
639,2/2/2022,"14,347"
640,1/31/2022,"14,392"
641,1/28/2022,"14,381"
642,1/27/2022,"14,385"
643,1/26/2022,"14,346"
644,1/25/2022,"14,358"
645,1/24/2022,"14,327"
646,1/21/2022,"14,347"
647,1/20/2022,"14,354"
648,1/19/2022,"14,370"
649,1/18/2022,"14,325"
650,1/17/2022,"14,323"
651,1/14/2022,"14,310"
652,1/13/2022,"14,311"
653,1/12/2022,"14,302"
654,1/11/2022,"14,299"
655,1/10/2022,"14,323"
656,1/7/2022,"14,360"
657,1/6/2022,"14,396"
658,1/5/2022,"14,365"
659,1/4/2022,"14,310"
660,1/3/2022,"14,270"
661,12/31/2021,"14,278"
662,12/30/2021,"14,269"
663,12/29/2021,"14,265"
664,12/28/2021,"14,237"
665,12/27/2021,"14,225"
666,12/24/2021,"14,219"
667,12/23/2021,"14,251"
668,12/22/2021,"14,264"
669,12/21/2021,"14,349"
670,12/20/2021,"14,384"
671,12/17/2021,"14,343"
672,12/16/2021,"14,343"
673,12/15/2021,"14,337"
674,12/14/2021,"14,348"
675,12/13/2021,"14,346"
676,12/10/2021,"14,378"
677,12/9/2021,"14,351"
678,12/8/2021,"14,348"
679,12/7/2021,"14,408"
680,12/6/2021,"14,441"
681,12/3/2021,"14,408"
682,12/2/2021,"14,378"
683,12/1/2021,"14,353"
684,11/30/2021,"14,320"
685,11/29/2021,"14,340"
686,11/26/2021,"14,280"
687,11/25/2021,"14,280"
688,11/24/2021,"14,272"
689,11/23/2021,"14,272"
690,11/22/2021,"14,255"
691,11/19/2021,"14,237"
692,11/18/2021,"14,231"
693,11/17/2021,"14,259"
694,11/16/2021,"14,211"
695,11/15/2021,"14,206"
696,11/12/2021,"14,243"
697,11/11/2021,"14,288"
698,11/10/2021,"14,253"
699,11/9/2021,"14,233"
700,11/8/2021,"14,268"
701,11/5/2021,"14,374"
702,11/4/2021,"14,327"
703,11/3/2021,"14,301"
704,11/2/2021,"14,261"
705,11/1/2021,"14,235"
706,10/29/2021,"14,171"
707,10/28/2021,"14,199"
708,10/27/2021,"14,184"
709,10/26/2021,"14,165"
710,10/25/2021,"14,183"
711,10/22/2021,"14,162"
712,10/21/2021,"14,133"
713,10/19/2021,"14,080"
714,10/18/2021,"14,096"
715,10/15/2021,"14,084"
716,10/14/2021,"14,155"
717,10/13/2021,"14,221"
718,10/12/2021,"14,217"
719,10/11/2021,"14,210"
720,10/8/2021,"14,225"
721,10/7/2021,"14,238"
722,10/6/2021,"14,245"
723,10/5/2021,"14,260"
724,10/4/2021,"14,276"
725,10/1/2021,"14,315"
726,9/30/2021,"14,321"
727,9/29/2021,"14,307"
728,9/28/2021,"14,269"
729,9/27/2021,"14,258"
730,9/24/2021,"14,250"
731,9/23/2021,"14,256"
732,9/22/2021,"14,249"
733,9/21/2021,"14,244"
734,9/20/2021,"14,251"
735,9/17/2021,"14,233"
736,9/16/2021,"14,238"
737,9/15/2021,"14,252"
738,9/14/2021,"14,257"
739,9/13/2021,"14,260"
740,9/10/2021,"14,225"
741,9/9/2021,"14,272"
742,9/8/2021,"14,266"
743,9/7/2021,"14,195"
744,9/6/2021,"14,239"
745,9/3/2021,"14,261"
746,9/2/2021,"14,281"
747,9/1/2021,"14,284"
748,8/31/2021,"14,306"
749,8/30/2021,"14,374"
750,8/27/2021,"14,431"
751,8/26/2021,"14,423"
752,8/25/2021,"14,408"
753,8/24/2021,"14,391"
754,8/23/2021,"14,415"
755,8/20/2021,"14,464"
756,8/19/2021,"14,414"
757,8/18/2021,"14,384"
758,8/16/2021,"14,383"
759,8/13/2021,"14,388"
760,8/12/2021,"14,389"
761,8/10/2021,"14,397"
762,8/9/2021,"14,378"
763,8/6/2021,"14,369"
764,8/5/2021,"14,342"
765,8/4/2021,"14,324"
766,8/3/2021,"14,362"
767,8/2/2021,"14,456"
768,7/30/2021,"14,462"
769,7/29/2021,"14,491"
770,7/28/2021,"14,498"
771,7/27/2021,"14,489"
772,7/26/2021,"14,494"
773,7/23/2021,"14,501"
774,7/22/2021,"14,508"
775,7/21/2021,"14,554"
776,7/19/2021,"14,524"
777,7/16/2021,"14,517"
778,7/15/2021,"14,503"
779,7/14/2021,"14,493"
780,7/13/2021,"14,486"
781,7/12/2021,"14,486"
782,7/9/2021,"14,548"
783,7/8/2021,"14,548"
784,7/7/2021,"14,500"
785,7/6/2021,"14,468"
786,7/5/2021,"14,482"
787,7/2/2021,"14,564"
788,7/1/2021,"14,539"
789,6/30/2021,"14,542"
790,6/29/2021,"14,496"
791,6/28/2021,"14,472"
792,6/25/2021,"14,447"
793,6/24/2021,"14,462"
794,6/23/2021,"14,454"
795,6/22/2021,"14,421"
796,6/21/2021,"14,453"
797,6/18/2021,"14,403"
798,6/17/2021,"14,378"
799,6/16/2021,"14,257"
800,6/15/2021,"14,244"
801,6/14/2021,"14,222"
802,6/11/2021,"14,206"
803,6/10/2021,"14,240"
804,6/9/2021,"14,262"
805,6/8/2021,"14,262"
806,6/7/2021,"14,271"
807,6/4/2021,"14,316"
808,6/3/2021,"14,297"
809,6/2/2021,"14,276"
810,5/31/2021,"14,292"
811,5/28/2021,"14,310"
812,5/27/2021,"14,312"
813,5/25/2021,"14,335"
814,5/24/2021,"14,362"
815,5/21/2021,"14,375"
816,5/20/2021,"14,396"
817,5/19/2021,"14,313"
818,5/18/2021,"14,300"
819,5/17/2021,"14,284"
820,5/11/2021,"14,203"
821,5/10/2021,"14,198"
822,5/7/2021,"14,289"
823,5/6/2021,"14,364"
824,5/5/2021,"14,439"
825,5/4/2021,"14,431"
826,5/3/2021,"14,467"
827,4/30/2021,"14,453"
828,4/29/2021,"14,468"
829,4/28/2021,"14,510"
830,4/27/2021,"14,497"
831,4/26/2021,"14,489"
832,4/23/2021,"14,548"
833,4/22/2021,"14,530"
834,4/21/2021,"14,549"
835,4/20/2021,"14,508"
836,4/19/2021,"14,568"
837,4/16/2021,"14,592"
838,4/15/2021,"14,646"
839,4/14/2021,"14,633"
840,4/13/2021,"14,648"
841,4/12/2021,"14,631"
842,4/9/2021,"14,580"
843,4/8/2021,"14,580"
844,4/7/2021,"14,513"
845,4/6/2021,"14,519"
846,4/5/2021,"14,533"
847,4/1/2021,"14,577"
848,3/31/2021,"14,572"
849,3/30/2021,"14,481"
850,3/29/2021,"14,434"
851,3/26/2021,"14,446"
852,3/25/2021,"14,464"
853,3/24/2021,"14,455"
854,3/23/2021,"14,421"
855,3/22/2021,"14,456"
856,3/19/2021,"14,476"
857,3/18/2021,"14,412"
858,3/17/2021,"14,459"
859,3/16/2021,"14,424"
860,3/15/2021,"14,418"
861,3/12/2021,"14,371"
862,3/10/2021,"14,421"
863,3/9/2021,"14,468"
864,3/8/2021,"14,390"
865,3/5/2021,"14,371"
866,3/4/2021,"14,299"
867,3/3/2021,"14,334"
868,3/2/2021,"14,307"
869,3/1/2021,"14,300"
870,2/26/2021,"14,229"
871,2/25/2021,"14,104"
872,2/24/2021,"14,089"
873,2/23/2021,"14,126"
874,2/22/2021,"14,098"
875,2/19/2021,"14,085"
876,2/18/2021,"14,059"
877,2/17/2021,"14,019"
878,2/16/2021,"13,875"
879,2/15/2021,"13,946"
880,2/11/2021,"14,011"
881,2/10/2021,"13,989"
882,2/9/2021,"14,000"
883,2/8/2021,"14,000"
884,2/5/2021,"14,062"
885,2/4/2021,"14,036"
886,2/3/2021,"14,017"
887,2/2/2021,"14,044"
888,2/1/2021,"14,042"
889,1/29/2021,"14,084"
890,1/28/2021,"14,119"
891,1/27/2021,"14,091"
892,1/26/2021,"14,086"
893,1/25/2021,"14,082"
894,1/22/2021,"14,054"
895,1/21/2021,"14,039"
896,1/20/2021,"14,065"
897,1/19/2021,"14,086"
898,1/18/2021,"14,080"
899,1/15/2021,"14,068"
900,1/14/2021,"14,119"
901,1/13/2021,"14,109"
902,1/12/2021,"14,231"
903,1/11/2021,"14,155"
904,1/8/2021,"14,058"
905,1/7/2021,"13,938"
906,1/6/2021,"13,926"
907,1/5/2021,"13,945"
908,1/4/2021,"13,903"
909,12/30/2020,"14,105"
910,12/29/2020,"14,169"
911,12/28/2020,"14,184"
912,12/23/2020,"14,282"
913,12/22/2020,"14,218"
914,12/21/2020,"14,180"
915,12/18/2020,"14,146"
916,12/17/2020,"14,152"
917,12/16/2020,"14,151"
918,12/15/2020,"14,171"
919,12/14/2020,"14,158"
920,12/11/2020,"14,102"
921,12/10/2020,"14,130"
922,12/8/2020,"14,164"
923,12/7/2020,"14,135"
924,12/4/2020,"14,182"
925,12/3/2020,"14,177"
926,12/2/2020,"14,164"
927,12/1/2020,"14,178"
928,11/30/2020,"14,128"
929,11/27/2020,"14,145"
930,11/26/2020,"14,130"
931,11/25/2020,"14,169"
932,11/24/2020,"14,196"
933,11/23/2020,"14,164"
934,11/20/2020,"14,228"
935,11/19/2020,"14,167"
936,11/18/2020,"14,118"
937,11/17/2020,"14,073"
938,11/16/2020,"14,139"
939,11/13/2020,"14,222"
940,11/12/2020,"14,187"
941,11/11/2020,"14,076"
942,11/10/2020,"14,015"
943,11/9/2020,"14,172"
944,11/6/2020,"14,321"
945,11/5/2020,"14,439"
946,11/4/2020,"14,557"
947,11/3/2020,"14,609"
948,11/2/2020,"14,718"
949,10/27/2020,"14,690"
950,10/26/2020,"14,697"
951,10/23/2020,"14,738"
952,10/22/2020,"14,697"
953,10/21/2020,"14,658"
954,10/20/2020,"14,729"
955,10/19/2020,"14,741"
956,10/16/2020,"14,766"
957,10/15/2020,"14,760"
958,10/14/2020,"14,780"
959,10/13/2020,"14,793"
960,10/12/2020,"14,746"
961,10/9/2020,"14,737"
962,10/8/2020,"14,750"
963,10/7/2020,"14,784"
964,10/6/2020,"14,712"
965,10/5/2020,"14,867"
966,10/2/2020,"14,890"
967,10/1/2020,"14,876"
968,9/30/2020,"14,918"
969,9/29/2020,"14,920"
970,9/28/2020,"14,959"
971,9/25/2020,"14,951"
972,9/24/2020,"14,949"
973,9/23/2020,"14,835"
974,9/22/2020,"14,782"
975,9/21/2020,"14,723"
976,9/18/2020,"14,768"
977,9/17/2020,"14,878"
978,9/16/2020,"14,844"
979,9/15/2020,"14,870"
980,9/14/2020,"14,974"
981,9/11/2020,"14,979"
982,9/10/2020,"14,871"
983,9/9/2020,"14,853"
984,9/8/2020,"14,798"
985,9/7/2020,"14,754"
986,9/4/2020,"14,792"
987,9/3/2020,"14,818"
988,9/2/2020,"14,804"
989,9/1/2020,"14,615"
990,8/31/2020,"14,554"
991,8/28/2020,"14,702"
992,8/27/2020,"14,714"
993,8/26/2020,"14,636"
994,8/25/2020,"14,632"
995,8/24/2020,"14,794"
996,8/19/2020,"14,786"
997,8/18/2020,"14,907"
998,8/14/2020,"14,917"
999,8/13/2020,"14,877"
1000,8/12/2020,"14,777"
1001,8/11/2020,"14,728"
1002,8/10/2020,"14,750"
1003,8/7/2020,"14,647"
1004,8/6/2020,"14,587"
1005,8/5/2020,"14,623"
1006,8/4/2020,"14,697"
1007,8/3/2020,"14,713"
1008,7/30/2020,"14,653"
1009,7/29/2020,"14,570"
1010,7/28/2020,"14,543"
1011,7/27/2020,"14,605"
1012,7/24/2020,"14,614"
1013,7/23/2020,"14,669"
1014,7/22/2020,"14,655"
1015,7/21/2020,"14,813"
1016,7/20/2020,"14,832"
1017,7/17/2020,"14,780"
1018,7/16/2020,"14,632"
1019,7/15/2020,"14,616"
1020,7/14/2020,"14,512"
1021,7/13/2020,"14,486"
1022,7/10/2020,"14,501"
1023,7/9/2020,"14,446"
1024,7/8/2020,"14,460"
1025,7/7/2020,"14,456"
1026,7/6/2020,"14,547"
1027,7/3/2020,"14,566"
1028,7/2/2020,"14,516"
1029,7/1/2020,"14,341"
1030,6/30/2020,"14,302"
1031,6/29/2020,"14,369"
1032,6/26/2020,"14,239"
1033,6/25/2020,"14,231"
1034,6/24/2020,"14,160"
1035,6/23/2020,"14,265"
1036,6/22/2020,"14,209"
1037,6/19/2020,"14,242"
1038,6/18/2020,"14,186"
1039,6/17/2020,"14,234"
1040,6/16/2020,"14,155"
1041,6/15/2020,"14,228"
1042,6/12/2020,"14,257"
1043,6/11/2020,"14,014"
1044,6/10/2020,"14,083"
1045,6/9/2020,"13,973"
1046,6/8/2020,"13,956"
1047,6/5/2020,"14,100"
1048,6/4/2020,"14,165"
1049,6/3/2020,"14,245"
1050,6/2/2020,"14,502"
1051,5/29/2020,"14,733"
1052,5/28/2020,"14,769"
1053,5/27/2020,"14,761"
1054,5/26/2020,"14,774"
1055,5/20/2020,"14,785"
1056,5/19/2020,"14,823"
1057,5/18/2020,"14,885"
1058,5/15/2020,"14,909"
1059,5/14/2020,"14,946"
1060,5/13/2020,"14,887"
1061,5/12/2020,"14,978"
1062,5/11/2020,"14,936"
1063,5/8/2020,"15,009"
1064,5/6/2020,"15,127"
1065,5/5/2020,"15,104"
1066,5/4/2020,"15,073"
1067,4/30/2020,"15,157"
1068,4/29/2020,"15,415"
1069,4/28/2020,"15,488"
1070,4/27/2020,"15,591"
1071,4/24/2020,"15,553"
1072,4/23/2020,"15,630"
1073,4/22/2020,"15,567"
1074,4/21/2020,"15,643"
1075,4/20/2020,"15,543"
1076,4/17/2020,"15,503"
1077,4/16/2020,"15,787"
1078,4/15/2020,"15,707"
1079,4/14/2020,"15,722"
1080,4/13/2020,"15,840"
1081,4/9/2020,"16,241"
1082,4/8/2020,"16,245"
1083,4/7/2020,"16,410"
1084,4/6/2020,"16,556"
1085,4/3/2020,"16,464"
1086,4/2/2020,"16,741"
1087,4/1/2020,"16,413"
1088,3/31/2020,"16,367"
1089,3/30/2020,"16,336"
1090,3/27/2020,"16,230"
1091,3/26/2020,"16,328"
1092,3/24/2020,"16,486"
1093,3/23/2020,"16,608"
1094,3/20/2020,"16,273"
1095,3/19/2020,"15,712"
1096,3/18/2020,"15,223"
1097,3/17/2020,"15,083"
1098,3/16/2020,"14,818"
1099,3/13/2020,"14,815"
1100,3/12/2020,"14,490"
1101,3/11/2020,"14,323"
1102,3/10/2020,"14,411"
1103,3/9/2020,"14,342"
1104,3/6/2020,"14,267"
1105,3/5/2020,"14,168"
1106,3/4/2020,"14,171"
1107,3/3/2020,"14,222"
1108,3/2/2020,"14,413"
1109,2/28/2020,"14,234"
1110,2/27/2020,"14,018"
1111,2/26/2020,"13,966"
1112,2/25/2020,"13,893"
1113,2/24/2020,"13,863"
1114,2/21/2020,"13,777"
1115,2/20/2020,"13,735"
1116,2/19/2020,"13,717"
1117,2/18/2020,"13,676"
1118,2/17/2020,"13,693"
1119,2/14/2020,"13,707"
1120,2/13/2020,"13,679"
1121,2/12/2020,"13,659"
1122,2/11/2020,"13,686"
1123,2/10/2020,"13,708"
1124,2/7/2020,"13,647"
1125,2/6/2020,"13,662"
1126,2/5/2020,"13,717"
1127,2/4/2020,"13,760"
1128,2/3/2020,"13,726"
1129,1/31/2020,"13,662"
1130,1/30/2020,"13,652"
1131,1/29/2020,"13,634"
1132,1/28/2020,"13,647"
1133,1/27/2020,"13,612"
1134,1/24/2020,"13,632"
1135,1/23/2020,"13,626"
1136,1/22/2020,"13,678"
1137,1/21/2020,"13,658"
1138,1/20/2020,"13,654"
1139,1/17/2020,"13,648"
1140,1/16/2020,"13,658"
1141,1/15/2020,"13,706"
1142,1/14/2020,"13,654"
1143,1/13/2020,"13,708"
1144,1/10/2020,"13,812"
1145,1/9/2020,"13,860"
1146,1/8/2020,"13,934"
1147,1/7/2020,"13,919"
1148,1/6/2020,"13,961"
1149,1/3/2020,"13,899"
1150,1/2/2020,"13,895"
1151,12/31/2019,"13,901"
1152,12/30/2019,"13,945"
1153,12/27/2019,"13,956"
1154,12/26/2019,"13,982"
1155,12/23/2019,"13,978"
1156,12/20/2019,"13,993"
1157,12/19/2019,"13,983"
1158,12/18/2019,"14,007"
1159,12/17/2019,"14,018"
1160,12/16/2019,"14,004"
1161,12/13/2019,"13,982"
1162,12/12/2019,"14,042"
1163,12/11/2019,"14,025"
1164,12/10/2019,"14,004"
1165,12/9/2019,"14,021"
1166,12/6/2019,"14,037"
1167,12/5/2019,"14,094"
1168,12/4/2019,"14,125"
1169,12/3/2019,"14,130"
1170,12/2/2019,"14,122"
1171,11/29/2019,"14,102"
1172,11/28/2019,"14,099"
1173,11/27/2019,"14,096"
1174,11/26/2019,"14,081"
1175,11/25/2019,"14,091"
1176,11/22/2019,"14,100"
1177,11/21/2019,"14,112"
1178,11/20/2019,"14,097"
1179,11/19/2019,"14,091"
1180,11/18/2019,"14,075"
1181,11/15/2019,"14,069"
1182,11/14/2019,"14,098"
1183,11/13/2019,"14,082"
1184,11/12/2019,"14,059"
1185,11/11/2019,"14,040"
1186,11/8/2019,"14,020"
1187,11/7/2019,"14,040"
1188,11/6/2019,"13,992"
1189,11/5/2019,"14,031"
1190,11/4/2019,"14,002"
1191,11/1/2019,"14,066"
1192,10/31/2019,"14,008"
1193,10/30/2019,"14,044"
1194,10/29/2019,"14,028"
1195,10/28/2019,"14,023"
1196,10/25/2019,"14,064"
1197,10/24/2019,"13,996"
1198,10/23/2019,"14,051"
1199,10/22/2019,"14,058"
1200,10/21/2019,"14,132"
1201,10/18/2019,"14,140"
1202,10/17/2019,"14,172"
1203,10/16/2019,"14,187"
1204,10/15/2019,"14,140"
1205,10/14/2019,"14,126"
1206,10/11/2019,"14,139"
1207,10/10/2019,"14,157"
1208,10/9/2019,"14,182"
1209,10/8/2019,"14,170"
1210,10/7/2019,"14,156"
1211,10/4/2019,"14,135"
1212,10/3/2019,"14,193"
1213,10/2/2019,"14,207"
1214,10/1/2019,"14,196"
1215,9/30/2019,"14,174"
1216,9/27/2019,"14,197"
1217,9/26/2019,"14,162"
1218,9/25/2019,"14,134"
1219,9/24/2019,"14,099"
1220,9/23/2019,"14,077"
1221,9/20/2019,"14,085"
1222,9/19/2019,"14,099"
1223,9/18/2019,"14,080"
1224,9/17/2019,"14,100"
1225,9/16/2019,"14,020"
1226,9/13/2019,"13,950"
1227,9/12/2019,"14,052"
1228,9/11/2019,"14,063"
1229,9/10/2019,"14,031"
1230,9/9/2019,"14,092"
1231,9/6/2019,"14,140"
1232,9/5/2019,"14,153"
1233,9/4/2019,"14,218"
1234,9/3/2019,"14,217"
1235,9/2/2019,"14,190"
1236,8/30/2019,"14,237"
1237,8/29/2019,"14,254"
1238,8/28/2019,"14,263"
1239,8/27/2019,"14,235"
1240,8/26/2019,"14,261"
1241,8/23/2019,"14,249"
1242,8/22/2019,"14,234"
1243,8/21/2019,"14,259"
1244,8/20/2019,"14,262"
1245,8/19/2019,"14,203"
1246,8/16/2019,"14,258"
1247,8/15/2019,"14,296"
1248,8/14/2019,"14,234"
1249,8/13/2019,"14,283"
1250,8/12/2019,"14,220"
1251,8/9/2019,"14,195"
1252,8/8/2019,"14,231"
1253,8/7/2019,"14,275"
1254,8/6/2019,"14,344"
1255,8/5/2019,"14,231"
1256,8/2/2019,"14,203"
1257,8/1/2019,"14,098"
1258,7/31/2019,"14,026"
1259,7/30/2019,"14,034"
1260,7/29/2019,"14,010"
1261,7/26/2019,"14,001"
1262,7/25/2019,"13,986"
1263,7/24/2019,"14,011"
1264,7/23/2019,"13,973"
1265,7/22/2019,"13,963"
1266,7/19/2019,"13,913"
1267,7/18/2019,"13,976"
1268,7/17/2019,"13,949"
1269,7/16/2019,"13,925"
1270,7/15/2019,"13,970"
1271,7/12/2019,"14,085"
1272,7/11/2019,"14,089"
1273,7/10/2019,"14,152"
1274,7/9/2019,"14,129"
1275,7/8/2019,"14,147"
1276,7/5/2019,"14,148"
1277,7/4/2019,"14,106"
1278,7/3/2019,"14,160"
1279,7/2/2019,"14,140"
1280,7/1/2019,"14,117"
1281,6/28/2019,"14,141"
1282,6/27/2019,"14,180"
1283,6/26/2019,"14,174"
1284,6/25/2019,"14,138"
1285,6/24/2019,"14,165"
1286,6/21/2019,"14,116"
1287,6/20/2019,"14,236"
1288,6/19/2019,"14,271"
1289,6/18/2019,"14,334"
1290,6/17/2019,"14,346"
1291,6/14/2019,"14,304"
1292,6/13/2019,"14,270"
1293,6/12/2019,"14,234"
1294,6/11/2019,"14,258"
1295,6/10/2019,"14,231"
1296,5/31/2019,"14,385"
1297,5/29/2019,"14,417"
1298,5/28/2019,"14,380"
1299,5/27/2019,"14,360"
1300,5/24/2019,"14,451"
1301,5/23/2019,"14,513"
1302,5/22/2019,"14,488"
1303,5/21/2019,"14,462"
1304,5/20/2019,"14,478"
1305,5/17/2019,"14,469"
1306,5/16/2019,"14,458"
1307,5/15/2019,"14,448"
1308,5/14/2019,"14,444"
1309,5/13/2019,"14,362"
1310,5/10/2019,"14,347"
1311,5/9/2019,"14,338"
1312,5/8/2019,"14,305"
1313,5/7/2019,"14,309"
1314,5/6/2019,"14,308"
1315,5/3/2019,"14,282"
1316,5/2/2019,"14,245"
1317,4/30/2019,"14,215"
1318,4/29/2019,"14,188"
1319,4/26/2019,"14,188"
1320,4/25/2019,"14,154"
1321,4/24/2019,"14,112"
1322,4/23/2019,"14,080"
1323,4/22/2019,"14,056"
1324,4/18/2019,"14,016"
1325,4/16/2019,"14,066"
1326,4/15/2019,"14,067"
1327,4/12/2019,"14,153"
1328,4/11/2019,"14,156"
1329,4/10/2019,"14,155"
1330,4/9/2019,"14,150"
1331,4/8/2019,"14,145"
1332,4/5/2019,"14,158"
1333,4/4/2019,"14,182"
1334,4/2/2019,"14,237"
1335,4/1/2019,"14,231"
1336,3/29/2019,"14,244"
1337,3/28/2019,"14,255"
1338,3/27/2019,"14,202"
1339,3/26/2019,"14,171"
1340,3/25/2019,"14,223"
1341,3/22/2019,"14,157"
1342,3/21/2019,"14,102"
1343,3/20/2019,"14,231"
1344,3/19/2019,"14,228"
1345,3/18/2019,"14,242"
1346,3/15/2019,"14,310"
1347,3/14/2019,"14,253"
1348,3/13/2019,"14,269"
1349,3/12/2019,"14,251"
1350,3/11/2019,"14,324"
1351,3/8/2019,"14,223"
1352,3/6/2019,"14,129"
1353,3/5/2019,"14,146"
1354,3/4/2019,"14,149"
1355,3/1/2019,"14,111"
1356,2/28/2019,"14,062"
1357,2/27/2019,"14,004"
1358,2/26/2019,"13,990"
1359,2/25/2019,"14,007"
1360,2/22/2019,"14,079"
1361,2/21/2019,"14,057"
1362,2/20/2019,"14,055"
1363,2/19/2019,"14,119"
1364,2/18/2019,"14,106"
1365,2/15/2019,"14,116"
1366,2/14/2019,"14,093"
1367,2/13/2019,"14,027"
1368,2/12/2019,"14,088"
1369,2/11/2019,"13,995"
1370,2/8/2019,"13,992"
1371,2/7/2019,"13,978"
1372,2/6/2019,"13,947"
1373,2/4/2019,"13,976"
1374,2/1/2019,"13,978"
1375,1/31/2019,"14,072"
1376,1/30/2019,"14,112"
1377,1/29/2019,"14,098"
1378,1/28/2019,"14,038"
1379,1/25/2019,"14,163"
1380,1/24/2019,"14,141"
1381,1/23/2019,"14,188"
1382,1/22/2019,"14,221"
1383,1/21/2019,"14,212"
1384,1/18/2019,"14,182"
1385,1/17/2019,"14,158"
1386,1/16/2019,"14,154"
1387,1/15/2019,"14,084"
1388,1/14/2019,"14,052"
1389,1/11/2019,"14,076"
1390,1/10/2019,"14,093"
1391,1/9/2019,"14,120"
1392,1/8/2019,"14,031"
1393,1/7/2019,"14,105"
1394,1/4/2019,"14,350"
1395,1/3/2019,"14,474"
1396,1/2/2019,"14,465"